Temperature,Wild_Type,Heterozygous,Mutant
60.0,1000000,980000,1020000
60.5,998000,978000,1018000
61.0,996000,976000,1016000
61.5,994000,974000,1014000
62.0,992000,972000,1012000
62.5,990000,970000,1010000
63.0,988000,968000,1008000
63.5,986000,966000,1006000
64.0,984000,964000,1004000
64.5,982000,962000,1002000
65.0,980000,960000,1000000
65.5,978000,958000,998000
66.0,976000,956000,996000
66.5,974000,954000,994000
67.0,972000,952000,992000
67.5,970000,950000,990000
68.0,968000,948000,988000
68.5,966000,946000,986000
69.0,964000,944000,984000
69.5,962000,942000,982000
70.0,960000,940000,980000
70.5,958000,938000,978000
71.0,956000,936000,976000
71.5,954000,934000,974000
72.0,952000,932000,972000
72.5,950000,930000,970000
73.0,948000,928000,968000
73.5,946000,926000,966000
74.0,944000,924000,964000
74.5,942000,922000,962000
75.0,940000,920000,960000
75.5,920000,900000,940000
76.0,880000,860000,900000
76.5,800000,780000,820000
77.0,680000,660000,700000
77.5,520000,500000,540000
78.0,350000,330000,370000
78.5,220000,200000,240000
79.0,140000,120000,160000
79.5,100000,80000,120000
80.0,80000,60000,100000
80.5,70000,50000,90000
81.0,65000,45000,85000
81.5,62000,42000,82000
82.0,60000,40000,80000
82.5,58000,38000,78000
83.0,56000,36000,76000
83.5,54000,34000,74000
84.0,52000,32000,72000
84.5,50000,30000,70000
85.0,48000,28000,68000
